nom	commune	dep	dates	statut	source	precision
Lycée Antoine-de-Saint-Exupéry	Créteil	94	2026-09-18;2026-09-21	blocus (début du mouvement national)	https://fr.wikipedia.org/wiki/Mouvement_lyc%C3%A9en_et_blocus_de_2026_en_France	presse
Lycée Romain-Rolland	Ivry-sur-Seine	94	2026-09-21	blocus	https://creteil.snes.edu/Plan-du-site.html	syndicat (à confirmer)
Lycée Léonard-de-Vinci	Paris	75	2026-10-02	incidents (feu à la grille d'entrée)	https://www.tf1info.fr/societe/direct-blocus-des-lycees-et-des-universites-le-mouvement-se-poursuit-laurent-nunez-edouard-geffray-france-insoumise-education-les-informations-du-vendredi-2-octobre-2026-2467571.html	presse
Lycée professionnel Gaston-Bachelard	Paris	75	2026-10-02	incidents (incendie de l'entrée)	https://www.tf1info.fr/societe/direct-blocus-des-lycees-et-des-universites-le-mouvement-se-poursuit-laurent-nunez-edouard-geffray-france-insoumise-education-les-informations-du-vendredi-2-octobre-2026-2467571.html	presse
Lycée Montaigne	Paris	75	2026-10-02	blocus	https://www.tf1info.fr/societe/direct-blocus-des-lycees-et-des-universites-le-mouvement-se-poursuit-laurent-nunez-edouard-geffray-france-insoumise-education-les-informations-du-vendredi-2-octobre-2026-2467571.html	presse
Lycée Arago	Paris	75	2026-09-29	blocus	https://www.lefigaro.fr/actualite-france/en-direct-blocus-des-lycees-lyceens-et-etudiants-appellent-ce-jeudi-a-un-acte-deux-de-mobilisation-20261001	presse (légende photo)
Lycée Voltaire	Paris	75	2026-10-02	rassemblement	https://www.lefigaro.fr/actualite-france/blocage-des-lycees-la-carte-des-etablissements-concernes-20260929	presse (légende photo)
Lycée Gabriel-Fauré	Paris	75	2026-10-02	blocus	https://www.liberation.fr/societe/education/en-direct-blocage-des-lycees-400-etablissements-resteront-fermes-ce-vendredi-selon-le-ministre-de-leducation-20261002_C7IHUUOMLBG65E3QO5KDMG43ZI/	presse (direct)
Lycée Bouloche	Livry-Gargan	93	2026-10-02	incidents (tentative d'incendie)	https://www.tf1info.fr/societe/direct-blocus-des-lycees-et-des-universites-le-mouvement-se-poursuit-laurent-nunez-edouard-geffray-france-insoumise-education-les-informations-du-vendredi-2-octobre-2026-2467571.html	presse
Lycée Guillaume-Budé	Limeil-Brévannes	94	2026-10-02	rassemblement	https://www.tf1info.fr/societe/direct-blocus-des-lycees-et-des-universites-le-mouvement-se-poursuit-laurent-nunez-edouard-geffray-france-insoumise-education-les-informations-du-vendredi-2-octobre-2026-2467571.html	presse
Lycée Nelson-Mandela	Nantes	44	2026-10-01;2026-10-02	incidents + fermeture administrative (hall incendié)	https://www.tf1info.fr/societe/direct-blocus-des-lycees-et-des-universites-le-mouvement-se-poursuit-laurent-nunez-edouard-geffray-france-insoumise-education-les-informations-du-vendredi-2-octobre-2026-2467571.html	presse
Lycée Jean-Macé	Rennes	35	2026-10-02	rassemblement + fermeture administrative	https://www.tf1info.fr/societe/direct-blocus-des-lycees-et-des-universites-le-mouvement-se-poursuit-laurent-nunez-edouard-geffray-france-insoumise-education-les-informations-du-vendredi-2-octobre-2026-2467571.html	presse
Lycée Bréquigny	Rennes	35	2026-09-29	manifestation (3 mineurs interpellés aux abords)	https://actu.fr/societe/greve-du-29-septembre-manifestations-perturbations-suivez-avec-nous-cette-journee-noire_64849101.html	presse
Lycée Saint-Exupéry	Marseille	13	2026-10-01	incidents (camion de pompiers pillé puis incendié)	https://fr.wikipedia.org/wiki/Mouvement_lyc%C3%A9en_et_blocus_de_2026_en_France	presse
Lycée La Floride	Marseille	13	2026-10-01	incidents (bus incendié)	https://fr.wikipedia.org/wiki/Mouvement_lyc%C3%A9en_et_blocus_de_2026_en_France	presse
Lycée Méditerranée	La Ciotat	13	2026-10-02	incidents (proviseur aspergé d'essence)	https://www.tf1info.fr/societe/direct-blocus-des-lycees-et-des-universites-le-mouvement-se-poursuit-laurent-nunez-edouard-geffray-france-insoumise-education-les-informations-du-vendredi-2-octobre-2026-2467571.html	presse
Lycée polyvalent Rive-Gauche	La Seyne-sur-Mer	83	2026-10-01	blocus (à confirmer)	https://www.facebook.com/MarseilleMobilite/posts/1088843833888555/	à confirmer (réseaux sociaux)
Lycée Curiède	Menton	06	2026-10-01	blocus (à confirmer)	https://www.facebook.com/france3provencealpes/posts/1569598021870169/	à confirmer (réseaux sociaux)
Lycée Auguste-Renoir	Cagnes-sur-Mer	06	2026-10-02	fermeture administrative (à confirmer)	https://www.nicematin.com/societe/education/blocage-des-lycees-un-vendredi-sous-haute-tension-syndicats-et-lyceens-recus-par-le-ministre-10732083	à confirmer
Lycée Champollion	Grenoble	38	2026-09-30	blocus	https://fr.wikipedia.org/wiki/Mouvement_lyc%C3%A9en_et_blocus_de_2026_en_France	presse (légende photo)
Lycée Paul-Éluard	Saint-Denis	93	2026-09-29	blocus	https://www.tf1info.fr/meteo/direct-meteo-france-previsions-alerte-neige-verglas-7-departements-places-en-vigilance-orange-lundi-5-janvier-2026-transports-scolaires-suspendus-en-ille-et-vilaine-et-en-normandie-2416611.html	presse (extrait)
Lycée Thomas-Edison	Grenoble	38	2026-10-01	manifestation	https://www.facebook.com/LeDauphineLibereGrenoble/posts/1761334225993647/	presse (extrait, à confirmer)
Lycée Marie-Curie	Grenoble	38	2026-10-01	manifestation	https://www.facebook.com/LeDauphineLibereGrenoble/posts/1761334225993647/	presse (extrait, à confirmer)
Lycée Mounier	Grenoble	38	2026-10-01	blocus	https://www.facebook.com/france3provencealpes/posts/1569598021870169/	presse (France 3, via réseaux sociaux)